Month,Vertical,ItemCode,ItemDescription,VendorCode,UnitPrice,StandardPrice
2026-02,Carpentry,I-5015,Hinges SS 4 inch,V-1010,77.34,85
2026-04,Solar Panels,I-5034,String Inverter 50kW,V-1033,394747.93,385000
2026-01,Plumbing Materials,I-5053,Ball Valve 1 inch Brass,V-1053,300.2,320
2025-09,Electrical,I-5004,LED Flood Light 100W,V-1008,1516.38,1850
2026-05,Solar Panels,I-5036,DC Cable 4 sqmm Solar Grade (100m),V-1033,3179.71,3200
2026-05,Batteries,I-5047,Battery Interconnect Cable Set,V-1041,600.18,650
2026-05,Electrical,I-5003,Distribution Board 8-Way,V-1006,1315.73,1250
2026-07,Carpentry,I-5015,Hinges SS 4 inch,V-1011,86.23,85
2026-02,Electrical,I-5006,Cable Tray 300mm (2m length),V-1009,921.84,980
2025-12,Solar Panels,I-5041,Solar Cable Gland Set,V-1036,129.69,145
2026-03,Carpentry,I-5016,Drawer Channel 18 inch Telescopic,V-1016,391.82,420
2025-09,Plumbing Materials,I-5053,Ball Valve 1 inch Brass,V-1053,259.43,320
2026-07,Carpentry,I-5021,Adhesive Fevicol SH (5kg),V-1011,1221.09,1150
2026-07,Road Construction Materials,I-5027,Ready Mix Concrete M25,V-1024,6405.25,6200
2026-01,Carpentry,I-5019,Veneer Sheet Teak (8x4 ft),V-1015,3872.42,4200
2026-04,Electrical,I-5011,Cable Gland Brass 25mm,V-1007,57.3,55
2026-02,Plumbing Materials,I-5058,Submersible Pump 1HP,V-1053,7999.43,9200
2025-12,Batteries,I-5046,Battery Rack 4-Tier MS,V-1040,3033.05,3400
2026-06,Road Construction Materials,I-5023,TMT Steel Bar Fe500D 12mm,V-1021,63358.49,62000
2026-04,Carpentry,I-5021,Adhesive Fevicol SH (5kg),V-1013,1067.67,1150
2026-02,Carpentry,I-5015,Hinges SS 4 inch,V-1014,77.14,85
2026-01,Solar Panels,I-5041,Solar Cable Gland Set,V-1038,142.97,145
2026-01,Batteries,I-5042,Tubular Battery 150Ah C10,V-1044,13768.96,14500
2026-01,Road Construction Materials,I-5027,Ready Mix Concrete M25,V-1020,5965.93,6200
2026-04,Electrical,I-5004,LED Flood Light 100W,V-1002,1949.94,1850
2026-05,Road Construction Materials,I-5026,Bitumen VG-30 (drum 180kg),V-1028,9013.56,9800
2026-01,Carpentry,I-5012,Plywood 19mm BWP (8x4 ft),V-1012,3178.86,3450
2026-06,Plumbing Materials,I-5053,Ball Valve 1 inch Brass,V-1056,337.7,320
2026-08,Road Construction Materials,I-5028,PQC Dowel Bar 32mm,V-1025,62097.2,64500
2026-02,Plumbing Materials,I-5050,UPVC Pipe 4 inch SCH-40 (3m length),V-1059,1059.98,1150
2026-01,Solar Panels,I-5039,Earthing Kit for Module Structure,V-1032,809.09,850
2026-01,Carpentry,I-5018,Wood Screws 2 inch (box of 100),V-1017,175.55,180
2026-07,Batteries,I-5043,Lithium-ion Battery Pack 48V 100Ah,V-1042,114286.23,118000
2026-05,Batteries,I-5046,Battery Rack 4-Tier MS,V-1042,3501.11,3400
2025-09,Electrical,I-5006,Cable Tray 300mm (2m length),V-1009,829.78,980
2026-02,Solar Panels,I-5039,Earthing Kit for Module Structure,V-1037,779.81,850
2026-07,Plumbing Materials,I-5056,Concealed Cistern with Frame,V-1054,9052.28,8500
2025-10,Solar Panels,I-5037,MC4 Connector Pair,V-1033,79.61,95
2026-02,Batteries,I-5045,VRLA SMF Battery 12V 100Ah,V-1048,9827.33,9800
2026-05,Electrical,I-5006,Cable Tray 300mm (2m length),V-1001,1022.7,980
2026-03,Electrical,I-5007,Junction Box IP65,V-1001,194.28,210
2025-10,Solar Panels,I-5038,Combiner Box 6 in 1 out,V-1033,5950.57,6500
2025-11,Batteries,I-5047,Battery Interconnect Cable Set,V-1045,561.63,650
2026-05,Road Construction Materials,I-5031,Geotextile Fabric (roll 100m2),V-1028,4482.31,4800
2026-02,Carpentry,I-5016,Drawer Channel 18 inch Telescopic,V-1012,390.37,420
2025-11,Solar Panels,I-5032,Solar Module 540Wp Mono PERC,V-1036,11450.15,12800
2025-09,Solar Panels,I-5036,DC Cable 4 sqmm Solar Grade (100m),V-1033,2723.26,3200
2026-06,Plumbing Materials,I-5055,Sanitaryware Wash Basin,V-1050,2367.28,2450
2025-11,Electrical,I-5010,MCCB 200A,V-1002,7640.11,8200
2026-06,Batteries,I-5049,Deep Cycle Battery 200Ah,V-1047,20476.14,21500
2026-08,Plumbing Materials,I-5059,Pipe Clamp GI 4 inch,V-1055,69.49,65
2026-04,Plumbing Materials,I-5056,Concealed Cistern with Frame,V-1055,8038.22,8500
2026-02,Electrical,I-5005,Modular Switch 6A,V-1004,65.86,65
2026-04,Electrical,I-5010,MCCB 200A,V-1007,8116.63,8200
2026-05,Carpentry,I-5013,Laminate Sheet 1mm (8x4 ft),V-1019,1320.45,1250
2026-07,Solar Panels,I-5039,Earthing Kit for Module Structure,V-1037,832.49,850
2026-01,Batteries,I-5044,Inverter 2.5kVA Pure Sinewave,V-1048,15795.52,16500
2026-04,Plumbing Materials,I-5050,UPVC Pipe 4 inch SCH-40 (3m length),V-1050,1093.73,1150
2025-10,Road Construction Materials,I-5022,OPC 53 Grade Cement (50kg bag),V-1026,350.51,385
2026-07,Solar Panels,I-5032,Solar Module 540Wp Mono PERC,V-1035,12107.92,12800
2026-01,Batteries,I-5047,Battery Interconnect Cable Set,V-1042,626.04,650
2025-09,Solar Panels,I-5039,Earthing Kit for Module Structure,V-1034,724.83,850
2026-04,Carpentry,I-5017,Door Lock Mortise Set,V-1017,933.38,950
2025-10,Solar Panels,I-5037,MC4 Connector Pair,V-1032,86.93,95
2026-03,Electrical,I-5010,MCCB 200A,V-1009,7663.44,8200
2026-03,Solar Panels,I-5039,Earthing Kit for Module Structure,V-1035,798.6,850
2026-03,Carpentry,I-5020,PVC Edge Banding Tape (100m roll),V-1019,600.87,650
2026-06,Solar Panels,I-5033,Solar Module 550Wp Bifacial,V-1032,14628.07,14200
2026-07,Batteries,I-5044,Inverter 2.5kVA Pure Sinewave,V-1046,16237.6,16500
2025-11,Solar Panels,I-5034,String Inverter 50kW,V-1034,348007.29,385000
2026-07,Carpentry,I-5016,Drawer Channel 18 inch Telescopic,V-1019,418.76,420
2026-06,Carpentry,I-5015,Hinges SS 4 inch,V-1014,87.71,85
2026-02,Solar Panels,I-5033,Solar Module 550Wp Bifacial,V-1034,12642.08,14200
2026-05,Road Construction Materials,I-5026,Bitumen VG-30 (drum 180kg),V-1025,8976.53,9800
2026-03,Electrical,I-5004,LED Flood Light 100W,V-1008,1742.03,1850
2026-06,Road Construction Materials,I-5027,Ready Mix Concrete M25,V-1020,5964.6,6200
2026-07,Plumbing Materials,I-5054,Water Tank 1000L HDPE,V-1057,7189.73,6800
2026-06,Carpentry,I-5021,Adhesive Fevicol SH (5kg),V-1019,1200.27,1150
2026-05,Electrical,I-5002,MCB 32A Single Pole,V-1002,147.14,145
2026-01,Carpentry,I-5015,Hinges SS 4 inch,V-1017,75.25,85
2026-01,Carpentry,I-5020,PVC Edge Banding Tape (100m roll),V-1013,607.0,650
2026-02,Batteries,I-5046,Battery Rack 4-Tier MS,V-1040,3075.12,3400
2025-11,Solar Panels,I-5039,Earthing Kit for Module Structure,V-1037,730.55,850
2026-01,Electrical,I-5006,Cable Tray 300mm (2m length),V-1004,918.74,980
2026-03,Electrical,I-5004,LED Flood Light 100W,V-1009,1881.48,1850
2026-06,Plumbing Materials,I-5053,Ball Valve 1 inch Brass,V-1053,309.24,320
2025-09,Road Construction Materials,I-5026,Bitumen VG-30 (drum 180kg),V-1026,8197.11,9800
2026-03,Batteries,I-5048,Battery Monitoring System (BMS module),V-1048,4240.73,4200
2026-06,Solar Panels,I-5038,Combiner Box 6 in 1 out,V-1031,6304.58,6500
2026-03,Carpentry,I-5012,Plywood 19mm BWP (8x4 ft),V-1014,3154.97,3450
2026-03,Solar Panels,I-5032,Solar Module 540Wp Mono PERC,V-1032,12109.85,12800
2026-06,Solar Panels,I-5038,Combiner Box 6 in 1 out,V-1037,6639.25,6500
2026-03,Solar Panels,I-5035,Module Mounting Structure (per kW),V-1035,4615.91,4800
2025-12,Road Construction Materials,I-5031,Geotextile Fabric (roll 100m2),V-1026,4429.22,4800
2026-04,Plumbing Materials,I-5057,Bathroom Faucet Single Lever,V-1052,1802.08,1850
2026-05,Electrical,I-5003,Distribution Board 8-Way,V-1007,1376.57,1250
2025-10,Solar Panels,I-5034,String Inverter 50kW,V-1035,330251.58,385000
2025-10,Solar Panels,I-5032,Solar Module 540Wp Mono PERC,V-1032,10596.87,12800
2026-01,Electrical,I-5001,PVC Insulated Wire 2.5 sqmm (90m coil),V-1003,1428.58,1650
2025-10,Road Construction Materials,I-5024,Crushed Stone Aggregate 20mm,V-1021,734.04,850
2026-05,Solar Panels,I-5039,Earthing Kit for Module Structure,V-1036,848.26,850
2025-09,Road Construction Materials,I-5023,TMT Steel Bar Fe500D 12mm,V-1026,51968.23,62000
2026-03,Electrical,I-5006,Cable Tray 300mm (2m length),V-1002,973.2,980
2026-07,Road Construction Materials,I-5025,River Sand (fine aggregate),V-1026,1369.1,1450
2025-09,Electrical,I-5008,Earthing Strip GI 25x3mm,V-1001,82.17,95
2026-06,Electrical,I-5005,Modular Switch 6A,V-1005,71.22,65
2026-04,Batteries,I-5045,VRLA SMF Battery 12V 100Ah,V-1045,9390.09,9800
2026-05,Solar Panels,I-5037,MC4 Connector Pair,V-1031,91.1,95
2026-03,Plumbing Materials,I-5053,Ball Valve 1 inch Brass,V-1059,281.91,320
2025-12,Carpentry,I-5017,Door Lock Mortise Set,V-1015,913.73,950
2025-10,Plumbing Materials,I-5059,Pipe Clamp GI 4 inch,V-1052,51.29,65
2025-11,Electrical,I-5004,LED Flood Light 100W,V-1007,1722.25,1850
2026-06,Solar Panels,I-5039,Earthing Kit for Module Structure,V-1035,889.04,850
2026-04,Plumbing Materials,I-5050,UPVC Pipe 4 inch SCH-40 (3m length),V-1053,1155.56,1150
2026-07,Road Construction Materials,I-5026,Bitumen VG-30 (drum 180kg),V-1028,9204.07,9800
2025-11,Plumbing Materials,I-5052,PVC Elbow 4 inch,V-1052,79.31,95
2026-02,Road Construction Materials,I-5029,Wire Mesh Fabric 6mm@150c/c,V-1027,56078.95,58500
2026-06,Solar Panels,I-5034,String Inverter 50kW,V-1037,364018.48,385000
2025-09,Plumbing Materials,I-5052,PVC Elbow 4 inch,V-1051,75.59,95
2025-11,Plumbing Materials,I-5056,Concealed Cistern with Frame,V-1055,6807.04,8500
2026-07,Road Construction Materials,I-5025,River Sand (fine aggregate),V-1021,1477.42,1450
2026-07,Electrical,I-5008,Earthing Strip GI 25x3mm,V-1004,97.96,95
2026-04,Electrical,I-5009,Contactor 40A 3 Pole,V-1001,1369.14,1450
2026-07,Solar Panels,I-5033,Solar Module 550Wp Bifacial,V-1033,13587.14,14200
2025-10,Plumbing Materials,I-5053,Ball Valve 1 inch Brass,V-1054,268.05,320
2025-11,Electrical,I-5004,LED Flood Light 100W,V-1009,1567.48,1850
2025-12,Solar Panels,I-5033,Solar Module 550Wp Bifacial,V-1037,12536.03,14200
2026-01,Plumbing Materials,I-5055,Sanitaryware Wash Basin,V-1058,2092.24,2450
2026-02,Carpentry,I-5021,Adhesive Fevicol SH (5kg),V-1013,1158.54,1150
2025-10,Road Construction Materials,I-5026,Bitumen VG-30 (drum 180kg),V-1022,9365.19,9800
2026-07,Electrical,I-5002,MCB 32A Single Pole,V-1003,170.31,145
2025-12,Electrical,I-5005,Modular Switch 6A,V-1004,55.83,65
2025-09,Batteries,I-5044,Inverter 2.5kVA Pure Sinewave,V-1041,13920.98,16500
2025-09,Carpentry,I-5013,Laminate Sheet 1mm (8x4 ft),V-1015,1000.13,1250
2025-12,Electrical,I-5003,Distribution Board 8-Way,V-1004,1145.43,1250
2026-03,Batteries,I-5048,Battery Monitoring System (BMS module),V-1046,3985.71,4200
2025-10,Plumbing Materials,I-5052,PVC Elbow 4 inch,V-1053,73.57,95
2026-06,Road Construction Materials,I-5031,Geotextile Fabric (roll 100m2),V-1022,4644.66,4800
2026-02,Road Construction Materials,I-5024,Crushed Stone Aggregate 20mm,V-1028,819.58,850
2026-08,Batteries,I-5049,Deep Cycle Battery 200Ah,V-1043,22284.74,21500
2025-12,Batteries,I-5042,Tubular Battery 150Ah C10,V-1041,13611.25,14500
2026-04,Solar Panels,I-5037,MC4 Connector Pair,V-1031,89.19,95
2025-11,Batteries,I-5045,VRLA SMF Battery 12V 100Ah,V-1041,8711.12,9800
2026-07,Plumbing Materials,I-5052,PVC Elbow 4 inch,V-1058,98.32,95
2026-01,Electrical,I-5001,PVC Insulated Wire 2.5 sqmm (90m coil),V-1004,1469.19,1650
2025-11,Batteries,I-5042,Tubular Battery 150Ah C10,V-1049,13063.51,14500
2026-03,Road Construction Materials,I-5023,TMT Steel Bar Fe500D 12mm,V-1029,59527.25,62000
2025-12,Plumbing Materials,I-5056,Concealed Cistern with Frame,V-1051,7821.89,8500
2025-10,Solar Panels,I-5038,Combiner Box 6 in 1 out,V-1039,6113.9,6500
2026-01,Carpentry,I-5019,Veneer Sheet Teak (8x4 ft),V-1017,3757.48,4200
2026-05,Electrical,I-5011,Cable Gland Brass 25mm,V-1003,53.55,55
2026-01,Plumbing Materials,I-5050,UPVC Pipe 4 inch SCH-40 (3m length),V-1055,1040.12,1150
2026-01,Carpentry,I-5015,Hinges SS 4 inch,V-1012,73.09,85
2026-02,Carpentry,I-5019,Veneer Sheet Teak (8x4 ft),V-1015,3687.81,4200
2025-12,Plumbing Materials,I-5054,Water Tank 1000L HDPE,V-1055,5839.11,6800
2025-12,Batteries,I-5047,Battery Interconnect Cable Set,V-1044,586.83,650
2026-02,Road Construction Materials,I-5031,Geotextile Fabric (roll 100m2),V-1029,4510.28,4800
2026-04,Road Construction Materials,I-5031,Geotextile Fabric (roll 100m2),V-1022,4529.66,4800
2026-07,Electrical,I-5006,Cable Tray 300mm (2m length),V-1005,1086.53,980
2026-03,Road Construction Materials,I-5023,TMT Steel Bar Fe500D 12mm,V-1024,56472.44,62000
2025-09,Electrical,I-5006,Cable Tray 300mm (2m length),V-1002,820.49,980
2025-11,Batteries,I-5042,Tubular Battery 150Ah C10,V-1043,13591.09,14500
2025-11,Solar Panels,I-5041,Solar Cable Gland Set,V-1034,125.3,145
2025-10,Electrical,I-5010,MCCB 200A,V-1001,7249.94,8200
2026-04,Road Construction Materials,I-5027,Ready Mix Concrete M25,V-1022,5462.55,6200
2026-01,Road Construction Materials,I-5029,Wire Mesh Fabric 6mm@150c/c,V-1022,56748.37,58500
2026-07,Solar Panels,I-5034,String Inverter 50kW,V-1032,411816.14,385000
2026-02,Batteries,I-5045,VRLA SMF Battery 12V 100Ah,V-1043,9411.6,9800
2026-05,Plumbing Materials,I-5051,CPVC Pipe 1 inch (3m length),V-1056,380.33,380
2026-06,Road Construction Materials,I-5022,OPC 53 Grade Cement (50kg bag),V-1028,377.44,385
2026-04,Solar Panels,I-5037,MC4 Connector Pair,V-1034,90.45,95
2026-04,Batteries,I-5049,Deep Cycle Battery 200Ah,V-1040,19184.08,21500
2026-04,Plumbing Materials,I-5054,Water Tank 1000L HDPE,V-1058,6592.64,6800
2026-05,Solar Panels,I-5034,String Inverter 50kW,V-1039,382972.49,385000
2025-12,Solar Panels,I-5036,DC Cable 4 sqmm Solar Grade (100m),V-1038,3078.13,3200
2026-06,Plumbing Materials,I-5055,Sanitaryware Wash Basin,V-1055,2615.06,2450
2026-03,Batteries,I-5043,Lithium-ion Battery Pack 48V 100Ah,V-1044,113245.59,118000
2026-06,Road Construction Materials,I-5031,Geotextile Fabric (roll 100m2),V-1028,4910.21,4800
2026-03,Electrical,I-5010,MCCB 200A,V-1000,7776.37,8200
2026-06,Electrical,I-5008,Earthing Strip GI 25x3mm,V-1006,107.0,95
2025-09,Electrical,I-5001,PVC Insulated Wire 2.5 sqmm (90m coil),V-1006,1442.2,1650
2026-01,Road Construction Materials,I-5023,TMT Steel Bar Fe500D 12mm,V-1023,54368.52,62000
2025-11,Solar Panels,I-5040,Anti-Reflective Glass Panel (spare),V-1031,2813.54,3100
2026-06,Carpentry,I-5014,MDF Board 12mm (8x4 ft),V-1011,1591.77,1650
2026-02,Electrical,I-5003,Distribution Board 8-Way,V-1009,1208.04,1250
2026-02,Electrical,I-5011,Cable Gland Brass 25mm,V-1002,52.92,55
2026-06,Electrical,I-5009,Contactor 40A 3 Pole,V-1008,1503.04,1450
2026-08,Road Construction Materials,I-5022,OPC 53 Grade Cement (50kg bag),V-1028,359.47,385
2025-10,Batteries,I-5045,VRLA SMF Battery 12V 100Ah,V-1045,9347.61,9800
2026-06,Batteries,I-5046,Battery Rack 4-Tier MS,V-1041,3363.16,3400
2025-11,Plumbing Materials,I-5057,Bathroom Faucet Single Lever,V-1055,1499.72,1850
2025-09,Solar Panels,I-5038,Combiner Box 6 in 1 out,V-1030,5790.33,6500
2025-10,Batteries,I-5046,Battery Rack 4-Tier MS,V-1046,2950.16,3400
2025-11,Road Construction Materials,I-5024,Crushed Stone Aggregate 20mm,V-1022,760.51,850
2025-09,Solar Panels,I-5037,MC4 Connector Pair,V-1036,86.47,95
2025-09,Road Construction Materials,I-5025,River Sand (fine aggregate),V-1026,1292.66,1450
2025-12,Solar Panels,I-5038,Combiner Box 6 in 1 out,V-1037,5997.7,6500
2025-12,Plumbing Materials,I-5051,CPVC Pipe 1 inch (3m length),V-1050,339.73,380
2026-07,Batteries,I-5049,Deep Cycle Battery 200Ah,V-1046,21541.56,21500
2026-01,Plumbing Materials,I-5058,Submersible Pump 1HP,V-1052,7916.19,9200
2025-09,Solar Panels,I-5040,Anti-Reflective Glass Panel (spare),V-1039,2836.84,3100
2026-04,Solar Panels,I-5035,Module Mounting Structure (per kW),V-1031,4409.25,4800
2026-05,Plumbing Materials,I-5059,Pipe Clamp GI 4 inch,V-1050,68.15,65
2026-01,Solar Panels,I-5032,Solar Module 540Wp Mono PERC,V-1032,11192.42,12800
2026-01,Road Construction Materials,I-5025,River Sand (fine aggregate),V-1029,1397.11,1450
2026-03,Plumbing Materials,I-5057,Bathroom Faucet Single Lever,V-1058,1666.94,1850
2026-04,Road Construction Materials,I-5024,Crushed Stone Aggregate 20mm,V-1023,749.14,850
2026-05,Road Construction Materials,I-5024,Crushed Stone Aggregate 20mm,V-1024,850.4,850
2026-05,Carpentry,I-5014,MDF Board 12mm (8x4 ft),V-1015,1660.46,1650
2026-02,Electrical,I-5011,Cable Gland Brass 25mm,V-1006,51.4,55
2025-10,Solar Panels,I-5039,Earthing Kit for Module Structure,V-1035,793.58,850
2026-04,Solar Panels,I-5036,DC Cable 4 sqmm Solar Grade (100m),V-1030,2965.73,3200
2025-10,Batteries,I-5043,Lithium-ion Battery Pack 48V 100Ah,V-1043,103716.98,118000
2026-01,Plumbing Materials,I-5058,Submersible Pump 1HP,V-1059,8333.21,9200
2026-02,Road Construction Materials,I-5024,Crushed Stone Aggregate 20mm,V-1027,772.47,850
2026-04,Solar Panels,I-5035,Module Mounting Structure (per kW),V-1036,4758.03,4800
2026-04,Batteries,I-5046,Battery Rack 4-Tier MS,V-1049,3319.39,3400
2026-01,Carpentry,I-5013,Laminate Sheet 1mm (8x4 ft),V-1010,1087.9,1250
2025-10,Electrical,I-5006,Cable Tray 300mm (2m length),V-1000,870.82,980
2026-02,Road Construction Materials,I-5026,Bitumen VG-30 (drum 180kg),V-1024,9129.44,9800
2026-03,Batteries,I-5043,Lithium-ion Battery Pack 48V 100Ah,V-1049,111558.67,118000
2025-10,Solar Panels,I-5040,Anti-Reflective Glass Panel (spare),V-1037,2851.65,3100
2026-06,Solar Panels,I-5035,Module Mounting Structure (per kW),V-1039,5050.0,4800
2025-09,Road Construction Materials,I-5024,Crushed Stone Aggregate 20mm,V-1028,778.85,850
2025-09,Solar Panels,I-5033,Solar Module 550Wp Bifacial,V-1030,11895.33,14200
2026-04,Electrical,I-5008,Earthing Strip GI 25x3mm,V-1001,96.53,95
2026-06,Solar Panels,I-5034,String Inverter 50kW,V-1037,389500.77,385000
2026-02,Plumbing Materials,I-5058,Submersible Pump 1HP,V-1053,8236.78,9200
2025-09,Plumbing Materials,I-5059,Pipe Clamp GI 4 inch,V-1055,50.16,65
2025-10,Carpentry,I-5016,Drawer Channel 18 inch Telescopic,V-1017,354.94,420
2026-02,Plumbing Materials,I-5055,Sanitaryware Wash Basin,V-1059,2325.71,2450
2026-04,Solar Panels,I-5038,Combiner Box 6 in 1 out,V-1032,6566.05,6500
2026-05,Electrical,I-5002,MCB 32A Single Pole,V-1008,152.32,145
2026-07,Carpentry,I-5017,Door Lock Mortise Set,V-1017,1010.9,950
2026-01,Plumbing Materials,I-5052,PVC Elbow 4 inch,V-1055,84.56,95
2026-08,Electrical,I-5009,Contactor 40A 3 Pole,V-1009,1712.99,1450
2026-07,Plumbing Materials,I-5057,Bathroom Faucet Single Lever,V-1050,1955.43,1850
2026-06,Plumbing Materials,I-5050,UPVC Pipe 4 inch SCH-40 (3m length),V-1056,1114.77,1150
2025-12,Electrical,I-5008,Earthing Strip GI 25x3mm,V-1002,84.83,95
2026-04,Plumbing Materials,I-5056,Concealed Cistern with Frame,V-1053,7968.83,8500
2025-11,Road Construction Materials,I-5029,Wire Mesh Fabric 6mm@150c/c,V-1026,50610.89,58500
2026-01,Solar Panels,I-5039,Earthing Kit for Module Structure,V-1036,813.75,850
2026-05,Plumbing Materials,I-5053,Ball Valve 1 inch Brass,V-1050,318.77,320
2025-10,Batteries,I-5049,Deep Cycle Battery 200Ah,V-1046,19535.34,21500
2025-11,Solar Panels,I-5034,String Inverter 50kW,V-1036,348282.29,385000
2025-10,Plumbing Materials,I-5052,PVC Elbow 4 inch,V-1052,76.1,95
2026-04,Batteries,I-5042,Tubular Battery 150Ah C10,V-1043,14629.58,14500
2025-09,Solar Panels,I-5035,Module Mounting Structure (per kW),V-1039,4406.53,4800
2026-01,Batteries,I-5043,Lithium-ion Battery Pack 48V 100Ah,V-1048,110157.55,118000
2026-04,Batteries,I-5046,Battery Rack 4-Tier MS,V-1042,3191.59,3400
2025-11,Electrical,I-5010,MCCB 200A,V-1005,7098.23,8200
2025-11,Road Construction Materials,I-5022,OPC 53 Grade Cement (50kg bag),V-1022,370.55,385
2026-06,Solar Panels,I-5040,Anti-Reflective Glass Panel (spare),V-1032,2916.71,3100
2025-09,Solar Panels,I-5037,MC4 Connector Pair,V-1034,82.58,95
2025-10,Batteries,I-5044,Inverter 2.5kVA Pure Sinewave,V-1048,14812.52,16500
2026-06,Batteries,I-5042,Tubular Battery 150Ah C10,V-1048,13751.4,14500
2026-06,Solar Panels,I-5035,Module Mounting Structure (per kW),V-1039,5007.6,4800
2026-04,Road Construction Materials,I-5023,TMT Steel Bar Fe500D 12mm,V-1027,61340.02,62000
2025-10,Batteries,I-5049,Deep Cycle Battery 200Ah,V-1043,19331.24,21500
2025-12,Road Construction Materials,I-5029,Wire Mesh Fabric 6mm@150c/c,V-1021,50456.54,58500
2025-12,Road Construction Materials,I-5027,Ready Mix Concrete M25,V-1028,5884.38,6200
2026-02,Batteries,I-5048,Battery Monitoring System (BMS module),V-1040,4156.88,4200
2026-02,Road Construction Materials,I-5028,PQC Dowel Bar 32mm,V-1024,62799.84,64500
2026-03,Road Construction Materials,I-5031,Geotextile Fabric (roll 100m2),V-1022,4526.0,4800
2026-05,Solar Panels,I-5039,Earthing Kit for Module Structure,V-1039,801.78,850
2026-05,Road Construction Materials,I-5031,Geotextile Fabric (roll 100m2),V-1021,4555.16,4800
2026-06,Road Construction Materials,I-5029,Wire Mesh Fabric 6mm@150c/c,V-1020,54633.82,58500
2026-01,Batteries,I-5042,Tubular Battery 150Ah C10,V-1049,13022.24,14500
2026-05,Carpentry,I-5015,Hinges SS 4 inch,V-1019,90.87,85
2026-07,Batteries,I-5042,Tubular Battery 150Ah C10,V-1044,14110.86,14500
2025-10,Plumbing Materials,I-5050,UPVC Pipe 4 inch SCH-40 (3m length),V-1055,996.14,1150
2026-05,Electrical,I-5001,PVC Insulated Wire 2.5 sqmm (90m coil),V-1000,1659.64,1650
2026-08,Electrical,I-5010,MCCB 200A,V-1004,8906.29,8200
2026-03,Carpentry,I-5012,Plywood 19mm BWP (8x4 ft),V-1011,3172.37,3450
2025-10,Plumbing Materials,I-5054,Water Tank 1000L HDPE,V-1057,5237.16,6800
2025-11,Road Construction Materials,I-5029,Wire Mesh Fabric 6mm@150c/c,V-1021,52200.31,58500
2026-03,Solar Panels,I-5036,DC Cable 4 sqmm Solar Grade (100m),V-1033,3036.66,3200
2025-09,Plumbing Materials,I-5050,UPVC Pipe 4 inch SCH-40 (3m length),V-1058,875.21,1150
2026-08,Electrical,I-5011,Cable Gland Brass 25mm,V-1001,65.25,55
2025-11,Solar Panels,I-5037,MC4 Connector Pair,V-1039,88.79,95
2026-07,Electrical,I-5001,PVC Insulated Wire 2.5 sqmm (90m coil),V-1000,1715.02,1650
2026-01,Solar Panels,I-5038,Combiner Box 6 in 1 out,V-1031,6038.43,6500
2026-05,Road Construction Materials,I-5030,Kerb Stone Precast,V-1021,187.86,210
2025-09,Solar Panels,I-5039,Earthing Kit for Module Structure,V-1031,742.3,850
2026-01,Road Construction Materials,I-5023,TMT Steel Bar Fe500D 12mm,V-1029,53713.35,62000
2025-12,Road Construction Materials,I-5026,Bitumen VG-30 (drum 180kg),V-1027,8494.17,9800
2025-10,Plumbing Materials,I-5053,Ball Valve 1 inch Brass,V-1057,267.42,320
2026-05,Plumbing Materials,I-5050,UPVC Pipe 4 inch SCH-40 (3m length),V-1051,1139.72,1150
2026-08,Road Construction Materials,I-5025,River Sand (fine aggregate),V-1029,1411.58,1450
2025-12,Plumbing Materials,I-5056,Concealed Cistern with Frame,V-1055,6957.03,8500
2026-05,Batteries,I-5042,Tubular Battery 150Ah C10,V-1040,13963.54,14500
2025-12,Solar Panels,I-5041,Solar Cable Gland Set,V-1036,132.77,145
2026-07,Plumbing Materials,I-5057,Bathroom Faucet Single Lever,V-1057,1855.35,1850
2026-05,Electrical,I-5003,Distribution Board 8-Way,V-1007,1379.99,1250
2026-05,Solar Panels,I-5037,MC4 Connector Pair,V-1039,93.14,95
2026-07,Road Construction Materials,I-5024,Crushed Stone Aggregate 20mm,V-1022,863.71,850
2025-11,Road Construction Materials,I-5027,Ready Mix Concrete M25,V-1026,5936.54,6200
2025-11,Plumbing Materials,I-5059,Pipe Clamp GI 4 inch,V-1050,56.86,65
2025-12,Carpentry,I-5020,PVC Edge Banding Tape (100m roll),V-1011,601.67,650
2026-03,Batteries,I-5047,Battery Interconnect Cable Set,V-1041,648.63,650
2025-11,Batteries,I-5048,Battery Monitoring System (BMS module),V-1048,4088.82,4200
2026-05,Batteries,I-5046,Battery Rack 4-Tier MS,V-1044,3132.23,3400
2026-07,Road Construction Materials,I-5023,TMT Steel Bar Fe500D 12mm,V-1027,61237.82,62000
2025-10,Electrical,I-5002,MCB 32A Single Pole,V-1004,115.7,145
2026-03,Batteries,I-5046,Battery Rack 4-Tier MS,V-1044,3063.14,3400
2026-03,Road Construction Materials,I-5026,Bitumen VG-30 (drum 180kg),V-1024,8765.91,9800
2026-04,Electrical,I-5007,Junction Box IP65,V-1007,215.27,210
2025-09,Carpentry,I-5017,Door Lock Mortise Set,V-1012,788.67,950
2025-09,Electrical,I-5008,Earthing Strip GI 25x3mm,V-1009,78.28,95
2025-11,Batteries,I-5047,Battery Interconnect Cable Set,V-1048,609.49,650
2026-05,Road Construction Materials,I-5022,OPC 53 Grade Cement (50kg bag),V-1022,346.03,385
2025-11,Batteries,I-5048,Battery Monitoring System (BMS module),V-1049,3970.76,4200
2026-07,Road Construction Materials,I-5025,River Sand (fine aggregate),V-1020,1406.84,1450
2026-02,Batteries,I-5045,VRLA SMF Battery 12V 100Ah,V-1048,9600.14,9800
2026-03,Plumbing Materials,I-5051,CPVC Pipe 1 inch (3m length),V-1058,334.95,380
2026-05,Solar Panels,I-5039,Earthing Kit for Module Structure,V-1036,837.67,850
2026-03,Solar Panels,I-5037,MC4 Connector Pair,V-1033,92.96,95
2026-05,Plumbing Materials,I-5059,Pipe Clamp GI 4 inch,V-1056,68.96,65
2026-01,Batteries,I-5045,VRLA SMF Battery 12V 100Ah,V-1041,9271.88,9800
2026-04,Batteries,I-5046,Battery Rack 4-Tier MS,V-1047,3314.0,3400
2025-11,Carpentry,I-5019,Veneer Sheet Teak (8x4 ft),V-1011,3669.15,4200
2026-04,Electrical,I-5004,LED Flood Light 100W,V-1004,1794.93,1850
2025-10,Batteries,I-5042,Tubular Battery 150Ah C10,V-1041,13810.76,14500
2026-07,Plumbing Materials,I-5053,Ball Valve 1 inch Brass,V-1053,346.45,320
2026-02,Road Construction Materials,I-5023,TMT Steel Bar Fe500D 12mm,V-1022,60619.57,62000
2026-01,Solar Panels,I-5035,Module Mounting Structure (per kW),V-1031,4708.41,4800
2026-07,Plumbing Materials,I-5055,Sanitaryware Wash Basin,V-1056,2557.73,2450
2025-10,Road Construction Materials,I-5022,OPC 53 Grade Cement (50kg bag),V-1026,327.89,385
2026-02,Batteries,I-5048,Battery Monitoring System (BMS module),V-1045,4047.63,4200
2026-01,Plumbing Materials,I-5053,Ball Valve 1 inch Brass,V-1052,289.96,320
2025-11,Batteries,I-5048,Battery Monitoring System (BMS module),V-1043,3949.92,4200
2025-09,Solar Panels,I-5033,Solar Module 550Wp Bifacial,V-1036,12748.37,14200
2026-01,Electrical,I-5002,MCB 32A Single Pole,V-1008,126.92,145
2026-05,Solar Panels,I-5036,DC Cable 4 sqmm Solar Grade (100m),V-1032,3271.24,3200
2025-09,Plumbing Materials,I-5057,Bathroom Faucet Single Lever,V-1052,1485.17,1850
2026-06,Plumbing Materials,I-5050,UPVC Pipe 4 inch SCH-40 (3m length),V-1055,1202.57,1150
2026-08,Electrical,I-5000,Armoured Copper Cable 3.5C x 95 sqmm,V-1006,506.94,420
2025-11,Carpentry,I-5014,MDF Board 12mm (8x4 ft),V-1019,1541.3,1650
2026-07,Batteries,I-5047,Battery Interconnect Cable Set,V-1047,627.49,650
2026-02,Batteries,I-5048,Battery Monitoring System (BMS module),V-1046,3730.54,4200
2025-12,Solar Panels,I-5034,String Inverter 50kW,V-1037,343274.7,385000
2025-11,Electrical,I-5006,Cable Tray 300mm (2m length),V-1009,902.44,980
2026-04,Solar Panels,I-5035,Module Mounting Structure (per kW),V-1032,4838.01,4800
2026-07,Electrical,I-5007,Junction Box IP65,V-1000,217.32,210
2026-02,Solar Panels,I-5040,Anti-Reflective Glass Panel (spare),V-1037,2968.44,3100
2026-04,Solar Panels,I-5037,MC4 Connector Pair,V-1037,91.9,95
2026-05,Batteries,I-5047,Battery Interconnect Cable Set,V-1042,643.54,650
2026-03,Road Construction Materials,I-5026,Bitumen VG-30 (drum 180kg),V-1021,8587.4,9800
2026-05,Batteries,I-5042,Tubular Battery 150Ah C10,V-1044,13363.9,14500
2026-01,Batteries,I-5042,Tubular Battery 150Ah C10,V-1046,13247.28,14500
2026-05,Road Construction Materials,I-5022,OPC 53 Grade Cement (50kg bag),V-1026,363.79,385
2026-07,Solar Panels,I-5040,Anti-Reflective Glass Panel (spare),V-1033,3108.33,3100
2026-05,Solar Panels,I-5036,DC Cable 4 sqmm Solar Grade (100m),V-1033,3196.37,3200
2026-01,Electrical,I-5005,Modular Switch 6A,V-1007,64.02,65
2026-07,Solar Panels,I-5040,Anti-Reflective Glass Panel (spare),V-1032,3181.79,3100
2026-04,Electrical,I-5000,Armoured Copper Cable 3.5C x 95 sqmm,V-1009,426.6,420
2026-05,Batteries,I-5044,Inverter 2.5kVA Pure Sinewave,V-1048,15995.41,16500
2026-06,Electrical,I-5005,Modular Switch 6A,V-1004,74.43,65
2025-12,Plumbing Materials,I-5053,Ball Valve 1 inch Brass,V-1056,292.78,320
2026-04,Solar Panels,I-5039,Earthing Kit for Module Structure,V-1039,860.18,850
2026-06,Plumbing Materials,I-5050,UPVC Pipe 4 inch SCH-40 (3m length),V-1058,1112.57,1150
2026-01,Electrical,I-5000,Armoured Copper Cable 3.5C x 95 sqmm,V-1008,386.79,420
2025-09,Plumbing Materials,I-5052,PVC Elbow 4 inch,V-1055,75.42,95
2025-10,Plumbing Materials,I-5054,Water Tank 1000L HDPE,V-1053,5539.52,6800
2025-12,Road Construction Materials,I-5030,Kerb Stone Precast,V-1028,203.7,210
2026-01,Electrical,I-5007,Junction Box IP65,V-1003,204.16,210
2026-04,Batteries,I-5046,Battery Rack 4-Tier MS,V-1044,3458.7,3400
2025-09,Solar Panels,I-5032,Solar Module 540Wp Mono PERC,V-1036,11184.26,12800
2026-03,Batteries,I-5047,Battery Interconnect Cable Set,V-1045,584.56,650
2025-12,Solar Panels,I-5039,Earthing Kit for Module Structure,V-1032,789.04,850
2026-06,Batteries,I-5042,Tubular Battery 150Ah C10,V-1040,15030.76,14500
2025-12,Plumbing Materials,I-5050,UPVC Pipe 4 inch SCH-40 (3m length),V-1054,954.25,1150
2026-01,Carpentry,I-5019,Veneer Sheet Teak (8x4 ft),V-1019,4113.75,4200
2025-10,Electrical,I-5002,MCB 32A Single Pole,V-1000,116.61,145
2026-04,Plumbing Materials,I-5050,UPVC Pipe 4 inch SCH-40 (3m length),V-1051,1127.72,1150
2025-11,Solar Panels,I-5040,Anti-Reflective Glass Panel (spare),V-1038,2977.33,3100
2026-05,Road Construction Materials,I-5029,Wire Mesh Fabric 6mm@150c/c,V-1026,56684.94,58500
2026-03,Carpentry,I-5017,Door Lock Mortise Set,V-1015,852.26,950
2025-11,Electrical,I-5004,LED Flood Light 100W,V-1004,1547.97,1850
2025-11,Electrical,I-5002,MCB 32A Single Pole,V-1003,128.78,145
2025-12,Plumbing Materials,I-5057,Bathroom Faucet Single Lever,V-1058,1512.87,1850
2026-04,Carpentry,I-5015,Hinges SS 4 inch,V-1015,84.39,85
2026-04,Road Construction Materials,I-5029,Wire Mesh Fabric 6mm@150c/c,V-1027,51657.14,58500
2025-11,Plumbing Materials,I-5051,CPVC Pipe 1 inch (3m length),V-1054,329.84,380
2026-03,Carpentry,I-5017,Door Lock Mortise Set,V-1012,933.9,950
2025-12,Batteries,I-5047,Battery Interconnect Cable Set,V-1048,594.43,650
2026-06,Road Construction Materials,I-5028,PQC Dowel Bar 32mm,V-1022,65681.2,64500
2026-06,Plumbing Materials,I-5051,CPVC Pipe 1 inch (3m length),V-1054,395.34,380
2026-02,Carpentry,I-5015,Hinges SS 4 inch,V-1015,74.67,85
2025-11,Road Construction Materials,I-5029,Wire Mesh Fabric 6mm@150c/c,V-1027,54519.88,58500
2026-04,Plumbing Materials,I-5057,Bathroom Faucet Single Lever,V-1054,1752.51,1850
2025-12,Solar Panels,I-5033,Solar Module 550Wp Bifacial,V-1031,12233.35,14200
2026-03,Road Construction Materials,I-5027,Ready Mix Concrete M25,V-1025,6145.68,6200
2025-12,Batteries,I-5043,Lithium-ion Battery Pack 48V 100Ah,V-1040,111245.6,118000
2026-03,Batteries,I-5043,Lithium-ion Battery Pack 48V 100Ah,V-1043,116169.32,118000
2025-11,Carpentry,I-5013,Laminate Sheet 1mm (8x4 ft),V-1013,1078.59,1250
2026-03,Electrical,I-5003,Distribution Board 8-Way,V-1009,1265.27,1250
2025-11,Plumbing Materials,I-5056,Concealed Cistern with Frame,V-1057,7680.53,8500
2025-11,Carpentry,I-5021,Adhesive Fevicol SH (5kg),V-1012,957.99,1150
2026-01,Plumbing Materials,I-5052,PVC Elbow 4 inch,V-1054,86.64,95
2026-01,Solar Panels,I-5035,Module Mounting Structure (per kW),V-1033,4596.23,4800
2026-05,Road Construction Materials,I-5024,Crushed Stone Aggregate 20mm,V-1027,846.5,850
2026-04,Road Construction Materials,I-5026,Bitumen VG-30 (drum 180kg),V-1027,8797.41,9800
2026-01,Electrical,I-5006,Cable Tray 300mm (2m length),V-1000,892.94,980
2025-09,Solar Panels,I-5034,String Inverter 50kW,V-1039,332137.05,385000
2025-10,Solar Panels,I-5038,Combiner Box 6 in 1 out,V-1033,5588.96,6500
2025-12,Carpentry,I-5018,Wood Screws 2 inch (box of 100),V-1011,155.46,180
2025-11,Electrical,I-5010,MCCB 200A,V-1009,7026.64,8200
2026-07,Road Construction Materials,I-5027,Ready Mix Concrete M25,V-1025,6281.29,6200
2026-05,Road Construction Materials,I-5029,Wire Mesh Fabric 6mm@150c/c,V-1025,52049.3,58500
2026-03,Plumbing Materials,I-5051,CPVC Pipe 1 inch (3m length),V-1058,376.82,380
2025-11,Electrical,I-5007,Junction Box IP65,V-1001,190.44,210
2026-03,Plumbing Materials,I-5055,Sanitaryware Wash Basin,V-1052,2188.43,2450
2026-08,Batteries,I-5048,Battery Monitoring System (BMS module),V-1041,4026.31,4200
2026-03,Road Construction Materials,I-5027,Ready Mix Concrete M25,V-1026,5559.99,6200
2025-12,Road Construction Materials,I-5026,Bitumen VG-30 (drum 180kg),V-1020,9251.19,9800
2026-02,Plumbing Materials,I-5050,UPVC Pipe 4 inch SCH-40 (3m length),V-1050,1084.74,1150
2026-05,Road Construction Materials,I-5028,PQC Dowel Bar 32mm,V-1023,59659.09,64500
2026-04,Electrical,I-5002,MCB 32A Single Pole,V-1000,140.56,145
2025-11,Electrical,I-5000,Armoured Copper Cable 3.5C x 95 sqmm,V-1006,374.43,420
2026-07,Solar Panels,I-5039,Earthing Kit for Module Structure,V-1031,818.22,850
2026-07,Carpentry,I-5019,Veneer Sheet Teak (8x4 ft),V-1018,4132.28,4200
2026-04,Electrical,I-5008,Earthing Strip GI 25x3mm,V-1008,91.63,95
2026-02,Electrical,I-5008,Earthing Strip GI 25x3mm,V-1005,88.4,95
2026-06,Plumbing Materials,I-5059,Pipe Clamp GI 4 inch,V-1058,65.63,65
2026-01,Electrical,I-5011,Cable Gland Brass 25mm,V-1008,52.16,55
2026-06,Electrical,I-5001,PVC Insulated Wire 2.5 sqmm (90m coil),V-1002,1837.24,1650
2026-05,Plumbing Materials,I-5059,Pipe Clamp GI 4 inch,V-1059,65.07,65
2026-05,Solar Panels,I-5038,Combiner Box 6 in 1 out,V-1032,6104.3,6500
2026-04,Solar Panels,I-5034,String Inverter 50kW,V-1033,375131.37,385000
2026-05,Solar Panels,I-5034,String Inverter 50kW,V-1030,359941.79,385000
2025-10,Plumbing Materials,I-5052,PVC Elbow 4 inch,V-1056,77.56,95
2025-11,Carpentry,I-5020,PVC Edge Banding Tape (100m roll),V-1019,593.96,650
2025-12,Electrical,I-5007,Junction Box IP65,V-1004,176.42,210
2026-04,Electrical,I-5011,Cable Gland Brass 25mm,V-1000,53.27,55
2026-04,Plumbing Materials,I-5051,CPVC Pipe 1 inch (3m length),V-1056,358.86,380
2026-07,Batteries,I-5048,Battery Monitoring System (BMS module),V-1046,3905.63,4200
2025-12,Solar Panels,I-5038,Combiner Box 6 in 1 out,V-1032,5950.89,6500
2025-09,Solar Panels,I-5033,Solar Module 550Wp Bifacial,V-1036,11947.28,14200
2025-09,Road Construction Materials,I-5027,Ready Mix Concrete M25,V-1027,5292.09,6200
2026-02,Batteries,I-5044,Inverter 2.5kVA Pure Sinewave,V-1045,15560.65,16500
2026-04,Batteries,I-5045,VRLA SMF Battery 12V 100Ah,V-1043,9682.78,9800
2026-04,Road Construction Materials,I-5023,TMT Steel Bar Fe500D 12mm,V-1022,60972.09,62000
2026-05,Road Construction Materials,I-5030,Kerb Stone Precast,V-1026,208.01,210
2026-02,Batteries,I-5046,Battery Rack 4-Tier MS,V-1048,3071.45,3400
2026-06,Plumbing Materials,I-5053,Ball Valve 1 inch Brass,V-1058,318.68,320
2026-03,Electrical,I-5011,Cable Gland Brass 25mm,V-1007,51.88,55
2025-10,Road Construction Materials,I-5029,Wire Mesh Fabric 6mm@150c/c,V-1027,50204.8,58500
2025-10,Carpentry,I-5018,Wood Screws 2 inch (box of 100),V-1016,158.13,180
2025-10,Solar Panels,I-5032,Solar Module 540Wp Mono PERC,V-1037,10900.84,12800
2026-03,Electrical,I-5006,Cable Tray 300mm (2m length),V-1001,948.19,980
2026-03,Plumbing Materials,I-5054,Water Tank 1000L HDPE,V-1059,6760.26,6800
2026-01,Road Construction Materials,I-5023,TMT Steel Bar Fe500D 12mm,V-1020,59451.64,62000
2026-02,Carpentry,I-5013,Laminate Sheet 1mm (8x4 ft),V-1016,1165.57,1250
2026-04,Road Construction Materials,I-5031,Geotextile Fabric (roll 100m2),V-1023,4665.2,4800
2026-06,Carpentry,I-5014,MDF Board 12mm (8x4 ft),V-1012,1606.93,1650
2025-11,Electrical,I-5005,Modular Switch 6A,V-1002,54.18,65
2025-09,Electrical,I-5010,MCCB 200A,V-1007,7093.71,8200
2026-05,Solar Panels,I-5033,Solar Module 550Wp Bifacial,V-1035,13353.68,14200
2025-09,Electrical,I-5009,Contactor 40A 3 Pole,V-1001,1155.92,1450
2026-03,Solar Panels,I-5037,MC4 Connector Pair,V-1038,88.81,95
2026-02,Road Construction Materials,I-5024,Crushed Stone Aggregate 20mm,V-1026,832.31,850
2026-07,Plumbing Materials,I-5059,Pipe Clamp GI 4 inch,V-1051,68.57,65
2026-06,Plumbing Materials,I-5051,CPVC Pipe 1 inch (3m length),V-1052,407.06,380
2025-10,Electrical,I-5010,MCCB 200A,V-1001,6645.31,8200
2025-10,Solar Panels,I-5039,Earthing Kit for Module Structure,V-1033,783.11,850
2025-11,Solar Panels,I-5039,Earthing Kit for Module Structure,V-1030,795.53,850
2026-04,Carpentry,I-5012,Plywood 19mm BWP (8x4 ft),V-1011,3285.12,3450
2026-04,Electrical,I-5005,Modular Switch 6A,V-1009,65.21,65
2026-03,Electrical,I-5010,MCCB 200A,V-1009,8212.76,8200
2025-09,Plumbing Materials,I-5059,Pipe Clamp GI 4 inch,V-1051,52.25,65
2026-04,Electrical,I-5002,MCB 32A Single Pole,V-1004,145.44,145
2026-07,Electrical,I-5011,Cable Gland Brass 25mm,V-1006,62.1,55
2026-04,Plumbing Materials,I-5057,Bathroom Faucet Single Lever,V-1058,1860.58,1850
2026-06,Road Construction Materials,I-5024,Crushed Stone Aggregate 20mm,V-1020,805.63,850
2026-07,Batteries,I-5043,Lithium-ion Battery Pack 48V 100Ah,V-1042,121913.93,118000
2025-11,Solar Panels,I-5032,Solar Module 540Wp Mono PERC,V-1033,11785.15,12800
2026-03,Plumbing Materials,I-5053,Ball Valve 1 inch Brass,V-1051,320.79,320
2026-05,Plumbing Materials,I-5055,Sanitaryware Wash Basin,V-1051,2352.24,2450
2026-01,Carpentry,I-5014,MDF Board 12mm (8x4 ft),V-1017,1554.57,1650
2026-02,Electrical,I-5009,Contactor 40A 3 Pole,V-1004,1370.52,1450
2026-07,Plumbing Materials,I-5054,Water Tank 1000L HDPE,V-1050,6981.6,6800
2025-09,Electrical,I-5011,Cable Gland Brass 25mm,V-1008,48.0,55
2026-02,Road Construction Materials,I-5028,PQC Dowel Bar 32mm,V-1024,56149.03,64500
2026-01,Plumbing Materials,I-5057,Bathroom Faucet Single Lever,V-1050,1749.14,1850
2026-07,Batteries,I-5049,Deep Cycle Battery 200Ah,V-1041,22246.47,21500
2026-01,Solar Panels,I-5038,Combiner Box 6 in 1 out,V-1032,5725.72,6500
2026-01,Road Construction Materials,I-5023,TMT Steel Bar Fe500D 12mm,V-1023,58350.1,62000
2026-05,Electrical,I-5003,Distribution Board 8-Way,V-1008,1349.29,1250
2025-12,Plumbing Materials,I-5058,Submersible Pump 1HP,V-1059,7792.37,9200
2025-11,Road Construction Materials,I-5026,Bitumen VG-30 (drum 180kg),V-1028,8869.51,9800
2026-05,Electrical,I-5004,LED Flood Light 100W,V-1001,1966.16,1850
2026-01,Road Construction Materials,I-5025,River Sand (fine aggregate),V-1029,1295.89,1450
2026-06,Solar Panels,I-5039,Earthing Kit for Module Structure,V-1039,888.52,850
2026-08,Batteries,I-5046,Battery Rack 4-Tier MS,V-1045,3295.85,3400
2026-04,Electrical,I-5009,Contactor 40A 3 Pole,V-1004,1495.67,1450
2026-02,Carpentry,I-5017,Door Lock Mortise Set,V-1015,905.15,950
2025-10,Road Construction Materials,I-5026,Bitumen VG-30 (drum 180kg),V-1027,8330.67,9800
2026-05,Carpentry,I-5012,Plywood 19mm BWP (8x4 ft),V-1011,3415.27,3450
2026-06,Carpentry,I-5018,Wood Screws 2 inch (box of 100),V-1012,183.58,180
2026-07,Electrical,I-5002,MCB 32A Single Pole,V-1009,162.7,145
2026-08,Electrical,I-5004,LED Flood Light 100W,V-1005,2095.91,1850
2026-07,Electrical,I-5010,MCCB 200A,V-1009,9432.36,8200
2025-11,Road Construction Materials,I-5022,OPC 53 Grade Cement (50kg bag),V-1029,336.77,385
2026-02,Carpentry,I-5019,Veneer Sheet Teak (8x4 ft),V-1016,3834.75,4200
2026-03,Carpentry,I-5020,PVC Edge Banding Tape (100m roll),V-1015,644.63,650
2026-08,Solar Panels,I-5040,Anti-Reflective Glass Panel (spare),V-1039,3130.12,3100
2025-10,Batteries,I-5048,Battery Monitoring System (BMS module),V-1045,3567.32,4200
2025-12,Road Construction Materials,I-5026,Bitumen VG-30 (drum 180kg),V-1020,8431.58,9800
2025-12,Batteries,I-5049,Deep Cycle Battery 200Ah,V-1048,20124.11,21500
2026-06,Carpentry,I-5021,Adhesive Fevicol SH (5kg),V-1015,1161.28,1150
2026-07,Solar Panels,I-5040,Anti-Reflective Glass Panel (spare),V-1039,3321.1,3100
2026-08,Batteries,I-5047,Battery Interconnect Cable Set,V-1040,684.26,650
2026-04,Solar Panels,I-5037,MC4 Connector Pair,V-1030,86.18,95
2026-04,Electrical,I-5011,Cable Gland Brass 25mm,V-1005,59.38,55
2026-01,Solar Panels,I-5032,Solar Module 540Wp Mono PERC,V-1035,11139.17,12800
2026-08,Road Construction Materials,I-5023,TMT Steel Bar Fe500D 12mm,V-1025,62679.02,62000
2026-02,Solar Panels,I-5032,Solar Module 540Wp Mono PERC,V-1032,11574.28,12800
2025-09,Batteries,I-5043,Lithium-ion Battery Pack 48V 100Ah,V-1041,102563.47,118000
2025-09,Batteries,I-5045,VRLA SMF Battery 12V 100Ah,V-1040,9103.52,9800
2025-10,Carpentry,I-5016,Drawer Channel 18 inch Telescopic,V-1014,340.52,420
2025-09,Road Construction Materials,I-5029,Wire Mesh Fabric 6mm@150c/c,V-1020,49975.68,58500
2026-05,Solar Panels,I-5034,String Inverter 50kW,V-1034,356579.79,385000
2025-12,Solar Panels,I-5035,Module Mounting Structure (per kW),V-1036,4132.09,4800
2026-03,Solar Panels,I-5034,String Inverter 50kW,V-1033,348401.73,385000
2026-06,Solar Panels,I-5038,Combiner Box 6 in 1 out,V-1038,6481.97,6500
2026-01,Batteries,I-5043,Lithium-ion Battery Pack 48V 100Ah,V-1041,110665.71,118000
2026-07,Solar Panels,I-5034,String Inverter 50kW,V-1038,386250.74,385000
2026-06,Electrical,I-5011,Cable Gland Brass 25mm,V-1009,59.71,55
2026-07,Solar Panels,I-5034,String Inverter 50kW,V-1037,400642.94,385000
2026-06,Solar Panels,I-5040,Anti-Reflective Glass Panel (spare),V-1032,3025.26,3100
2026-01,Batteries,I-5045,VRLA SMF Battery 12V 100Ah,V-1040,8517.36,9800
2026-02,Solar Panels,I-5039,Earthing Kit for Module Structure,V-1031,800.79,850
2026-04,Solar Panels,I-5036,DC Cable 4 sqmm Solar Grade (100m),V-1030,3190.09,3200
2026-01,Batteries,I-5049,Deep Cycle Battery 200Ah,V-1040,20687.49,21500
2026-05,Carpentry,I-5017,Door Lock Mortise Set,V-1017,1003.35,950
2026-02,Road Construction Materials,I-5029,Wire Mesh Fabric 6mm@150c/c,V-1025,55549.29,58500
2025-10,Solar Panels,I-5038,Combiner Box 6 in 1 out,V-1037,5686.89,6500
2026-06,Carpentry,I-5014,MDF Board 12mm (8x4 ft),V-1012,1717.84,1650
2026-05,Electrical,I-5000,Armoured Copper Cable 3.5C x 95 sqmm,V-1003,431.16,420
2025-09,Batteries,I-5045,VRLA SMF Battery 12V 100Ah,V-1044,8639.82,9800
2026-07,Batteries,I-5045,VRLA SMF Battery 12V 100Ah,V-1047,9407.49,9800
2026-05,Carpentry,I-5020,PVC Edge Banding Tape (100m roll),V-1011,676.34,650
2025-10,Electrical,I-5010,MCCB 200A,V-1001,7069.88,8200
2025-09,Batteries,I-5044,Inverter 2.5kVA Pure Sinewave,V-1043,14275.53,16500
2025-10,Plumbing Materials,I-5051,CPVC Pipe 1 inch (3m length),V-1051,298.89,380
2026-03,Plumbing Materials,I-5056,Concealed Cistern with Frame,V-1054,8479.62,8500
2026-01,Road Construction Materials,I-5031,Geotextile Fabric (roll 100m2),V-1022,4723.71,4800
2026-06,Carpentry,I-5013,Laminate Sheet 1mm (8x4 ft),V-1015,1220.69,1250
2026-06,Plumbing Materials,I-5058,Submersible Pump 1HP,V-1054,9690.54,9200
2025-12,Plumbing Materials,I-5057,Bathroom Faucet Single Lever,V-1059,1705.84,1850
2025-11,Road Construction Materials,I-5030,Kerb Stone Precast,V-1024,189.33,210
2026-01,Solar Panels,I-5039,Earthing Kit for Module Structure,V-1035,737.7,850
2025-12,Road Construction Materials,I-5030,Kerb Stone Precast,V-1028,202.72,210
2026-07,Batteries,I-5049,Deep Cycle Battery 200Ah,V-1041,21957.95,21500
2025-10,Solar Panels,I-5037,MC4 Connector Pair,V-1035,87.16,95
2026-05,Carpentry,I-5015,Hinges SS 4 inch,V-1018,83.1,85
2026-07,Carpentry,I-5021,Adhesive Fevicol SH (5kg),V-1011,1183.38,1150
2026-01,Carpentry,I-5015,Hinges SS 4 inch,V-1017,75.87,85
2026-02,Solar Panels,I-5038,Combiner Box 6 in 1 out,V-1038,6299.05,6500
2026-06,Road Construction Materials,I-5029,Wire Mesh Fabric 6mm@150c/c,V-1021,54892.52,58500
2026-04,Solar Panels,I-5032,Solar Module 540Wp Mono PERC,V-1033,12262.86,12800
2026-07,Batteries,I-5048,Battery Monitoring System (BMS module),V-1048,4412.8,4200
2026-02,Batteries,I-5044,Inverter 2.5kVA Pure Sinewave,V-1042,14855.01,16500
2026-02,Electrical,I-5002,MCB 32A Single Pole,V-1006,146.44,145
2026-03,Road Construction Materials,I-5023,TMT Steel Bar Fe500D 12mm,V-1023,55505.72,62000
2025-10,Carpentry,I-5018,Wood Screws 2 inch (box of 100),V-1017,151.82,180
2026-05,Electrical,I-5010,MCCB 200A,V-1006,8069.68,8200
2026-07,Road Construction Materials,I-5026,Bitumen VG-30 (drum 180kg),V-1027,9343.13,9800
2026-03,Plumbing Materials,I-5058,Submersible Pump 1HP,V-1053,8779.14,9200
2025-09,Road Construction Materials,I-5026,Bitumen VG-30 (drum 180kg),V-1024,8648.47,9800
2025-09,Batteries,I-5049,Deep Cycle Battery 200Ah,V-1041,19586.26,21500
2026-04,Plumbing Materials,I-5054,Water Tank 1000L HDPE,V-1051,6802.82,6800
2025-12,Road Construction Materials,I-5029,Wire Mesh Fabric 6mm@150c/c,V-1020,53406.95,58500
2026-07,Solar Panels,I-5039,Earthing Kit for Module Structure,V-1030,915.18,850
2026-06,Electrical,I-5011,Cable Gland Brass 25mm,V-1002,58.71,55
2026-06,Plumbing Materials,I-5056,Concealed Cistern with Frame,V-1051,8337.06,8500
2026-02,Plumbing Materials,I-5054,Water Tank 1000L HDPE,V-1055,6467.21,6800
2026-06,Road Construction Materials,I-5022,OPC 53 Grade Cement (50kg bag),V-1026,364.39,385
2026-02,Road Construction Materials,I-5022,OPC 53 Grade Cement (50kg bag),V-1025,337.34,385
2025-11,Plumbing Materials,I-5055,Sanitaryware Wash Basin,V-1059,2064.49,2450
2025-09,Plumbing Materials,I-5050,UPVC Pipe 4 inch SCH-40 (3m length),V-1051,970.51,1150
2025-09,Electrical,I-5006,Cable Tray 300mm (2m length),V-1001,802.39,980
2026-07,Carpentry,I-5017,Door Lock Mortise Set,V-1015,1030.32,950
2026-06,Electrical,I-5005,Modular Switch 6A,V-1004,70.34,65
2026-07,Electrical,I-5003,Distribution Board 8-Way,V-1008,1381.07,1250
2026-02,Electrical,I-5001,PVC Insulated Wire 2.5 sqmm (90m coil),V-1001,1636.96,1650
2025-10,Plumbing Materials,I-5058,Submersible Pump 1HP,V-1052,7904.84,9200
2025-11,Batteries,I-5043,Lithium-ion Battery Pack 48V 100Ah,V-1047,111495.38,118000
2025-12,Electrical,I-5009,Contactor 40A 3 Pole,V-1001,1372.95,1450
2026-05,Electrical,I-5008,Earthing Strip GI 25x3mm,V-1004,95.52,95
2026-04,Electrical,I-5001,PVC Insulated Wire 2.5 sqmm (90m coil),V-1002,1713.13,1650
2026-02,Carpentry,I-5014,MDF Board 12mm (8x4 ft),V-1012,1578.7,1650
2025-12,Batteries,I-5046,Battery Rack 4-Tier MS,V-1045,2976.92,3400
2026-04,Road Construction Materials,I-5024,Crushed Stone Aggregate 20mm,V-1024,827.64,850
2025-11,Electrical,I-5003,Distribution Board 8-Way,V-1006,1137.79,1250
2025-11,Road Construction Materials,I-5024,Crushed Stone Aggregate 20mm,V-1029,741.9,850
2025-11,Plumbing Materials,I-5052,PVC Elbow 4 inch,V-1050,84.21,95
2026-06,Batteries,I-5043,Lithium-ion Battery Pack 48V 100Ah,V-1044,114215.86,118000
2026-01,Road Construction Materials,I-5024,Crushed Stone Aggregate 20mm,V-1023,799.32,850
2025-11,Electrical,I-5007,Junction Box IP65,V-1000,176.54,210
2025-11,Batteries,I-5043,Lithium-ion Battery Pack 48V 100Ah,V-1045,111316.45,118000
2025-10,Batteries,I-5048,Battery Monitoring System (BMS module),V-1044,4026.2,4200
2025-11,Electrical,I-5000,Armoured Copper Cable 3.5C x 95 sqmm,V-1003,345.57,420
2026-03,Batteries,I-5044,Inverter 2.5kVA Pure Sinewave,V-1045,15443.92,16500
2026-05,Road Construction Materials,I-5031,Geotextile Fabric (roll 100m2),V-1021,4318.62,4800
2025-11,Road Construction Materials,I-5026,Bitumen VG-30 (drum 180kg),V-1027,9132.68,9800
2025-10,Road Construction Materials,I-5031,Geotextile Fabric (roll 100m2),V-1027,4202.77,4800
2026-07,Batteries,I-5048,Battery Monitoring System (BMS module),V-1043,3877.76,4200
2026-06,Road Construction Materials,I-5026,Bitumen VG-30 (drum 180kg),V-1025,9981.74,9800
2026-04,Electrical,I-5005,Modular Switch 6A,V-1001,70.11,65
2025-11,Batteries,I-5045,VRLA SMF Battery 12V 100Ah,V-1049,8754.75,9800
2026-07,Electrical,I-5002,MCB 32A Single Pole,V-1009,152.3,145
2025-10,Plumbing Materials,I-5050,UPVC Pipe 4 inch SCH-40 (3m length),V-1051,963.88,1150
2026-03,Solar Panels,I-5035,Module Mounting Structure (per kW),V-1039,4354.69,4800
2026-08,Solar Panels,I-5035,Module Mounting Structure (per kW),V-1031,4919.56,4800
2026-01,Plumbing Materials,I-5054,Water Tank 1000L HDPE,V-1051,6484.07,6800
2026-06,Road Construction Materials,I-5031,Geotextile Fabric (roll 100m2),V-1021,4324.61,4800
2026-03,Solar Panels,I-5032,Solar Module 540Wp Mono PERC,V-1036,11466.12,12800
2026-03,Road Construction Materials,I-5026,Bitumen VG-30 (drum 180kg),V-1024,8959.78,9800
2026-06,Road Construction Materials,I-5031,Geotextile Fabric (roll 100m2),V-1021,4362.5,4800
2026-02,Batteries,I-5044,Inverter 2.5kVA Pure Sinewave,V-1048,15928.8,16500
2026-06,Electrical,I-5005,Modular Switch 6A,V-1004,72.73,65
2026-01,Road Construction Materials,I-5022,OPC 53 Grade Cement (50kg bag),V-1023,370.88,385
2025-12,Solar Panels,I-5041,Solar Cable Gland Set,V-1036,134.1,145
2026-05,Plumbing Materials,I-5058,Submersible Pump 1HP,V-1058,9423.05,9200
2026-01,Electrical,I-5011,Cable Gland Brass 25mm,V-1002,50.98,55
2026-07,Solar Panels,I-5033,Solar Module 550Wp Bifacial,V-1039,13926.71,14200
2026-03,Solar Panels,I-5038,Combiner Box 6 in 1 out,V-1035,5873.16,6500
2026-06,Road Construction Materials,I-5023,TMT Steel Bar Fe500D 12mm,V-1025,56000.44,62000
2026-07,Plumbing Materials,I-5053,Ball Valve 1 inch Brass,V-1052,316.67,320
2026-02,Plumbing Materials,I-5051,CPVC Pipe 1 inch (3m length),V-1051,332.67,380
2026-02,Solar Panels,I-5033,Solar Module 550Wp Bifacial,V-1036,12811.97,14200
2026-02,Electrical,I-5010,MCCB 200A,V-1003,8112.33,8200
2026-05,Electrical,I-5008,Earthing Strip GI 25x3mm,V-1000,102.67,95
2026-02,Solar Panels,I-5032,Solar Module 540Wp Mono PERC,V-1038,12695.5,12800
2026-06,Carpentry,I-5015,Hinges SS 4 inch,V-1011,91.99,85
2026-01,Solar Panels,I-5041,Solar Cable Gland Set,V-1034,131.15,145
2025-09,Solar Panels,I-5038,Combiner Box 6 in 1 out,V-1031,5349.57,6500
2026-01,Road Construction Materials,I-5030,Kerb Stone Precast,V-1023,190.55,210
2026-01,Carpentry,I-5013,Laminate Sheet 1mm (8x4 ft),V-1010,1168.93,1250
2026-03,Carpentry,I-5012,Plywood 19mm BWP (8x4 ft),V-1013,3175.15,3450
2025-10,Electrical,I-5010,MCCB 200A,V-1005,7196.3,8200
2026-06,Batteries,I-5042,Tubular Battery 150Ah C10,V-1046,15029.43,14500
2026-01,Batteries,I-5048,Battery Monitoring System (BMS module),V-1047,3713.45,4200
2026-05,Road Construction Materials,I-5028,PQC Dowel Bar 32mm,V-1023,61764.13,64500
2026-08,Road Construction Materials,I-5030,Kerb Stone Precast,V-1023,203.09,210
2026-01,Road Construction Materials,I-5024,Crushed Stone Aggregate 20mm,V-1023,790.8,850
2025-10,Plumbing Materials,I-5051,CPVC Pipe 1 inch (3m length),V-1055,328.91,380
2026-01,Road Construction Materials,I-5024,Crushed Stone Aggregate 20mm,V-1021,746.13,850
2025-11,Electrical,I-5000,Armoured Copper Cable 3.5C x 95 sqmm,V-1005,372.35,420
2026-02,Electrical,I-5009,Contactor 40A 3 Pole,V-1005,1327.01,1450
2026-02,Electrical,I-5003,Distribution Board 8-Way,V-1007,1235.49,1250
2026-03,Plumbing Materials,I-5056,Concealed Cistern with Frame,V-1058,7863.13,8500
2026-03,Carpentry,I-5014,MDF Board 12mm (8x4 ft),V-1010,1668.18,1650
2026-04,Plumbing Materials,I-5050,UPVC Pipe 4 inch SCH-40 (3m length),V-1058,1085.32,1150
2025-12,Electrical,I-5002,MCB 32A Single Pole,V-1001,134.38,145
2026-01,Road Construction Materials,I-5027,Ready Mix Concrete M25,V-1021,5364.31,6200
2026-04,Solar Panels,I-5037,MC4 Connector Pair,V-1035,95.67,95
2026-04,Plumbing Materials,I-5057,Bathroom Faucet Single Lever,V-1055,1883.2,1850
2026-01,Road Construction Materials,I-5024,Crushed Stone Aggregate 20mm,V-1028,818.43,850
2026-05,Electrical,I-5005,Modular Switch 6A,V-1006,70.56,65
2026-04,Solar Panels,I-5041,Solar Cable Gland Set,V-1032,145.27,145
2026-01,Solar Panels,I-5039,Earthing Kit for Module Structure,V-1035,833.64,850
2026-07,Road Construction Materials,I-5024,Crushed Stone Aggregate 20mm,V-1027,798.16,850
2026-05,Road Construction Materials,I-5031,Geotextile Fabric (roll 100m2),V-1029,4885.32,4800
2026-02,Road Construction Materials,I-5022,OPC 53 Grade Cement (50kg bag),V-1026,364.76,385
2026-07,Road Construction Materials,I-5025,River Sand (fine aggregate),V-1025,1333.85,1450
2026-08,Road Construction Materials,I-5022,OPC 53 Grade Cement (50kg bag),V-1022,353.72,385
2026-05,Road Construction Materials,I-5023,TMT Steel Bar Fe500D 12mm,V-1028,60719.57,62000
2025-12,Electrical,I-5011,Cable Gland Brass 25mm,V-1002,52.72,55
2026-07,Electrical,I-5003,Distribution Board 8-Way,V-1009,1418.02,1250
2025-11,Plumbing Materials,I-5056,Concealed Cistern with Frame,V-1056,7374.82,8500
2026-07,Batteries,I-5045,VRLA SMF Battery 12V 100Ah,V-1044,9762.38,9800
2025-10,Batteries,I-5045,VRLA SMF Battery 12V 100Ah,V-1040,8295.73,9800
2025-10,Batteries,I-5047,Battery Interconnect Cable Set,V-1044,619.24,650
2026-04,Electrical,I-5003,Distribution Board 8-Way,V-1001,1276.13,1250
2026-01,Solar Panels,I-5036,DC Cable 4 sqmm Solar Grade (100m),V-1033,2878.84,3200
2026-02,Batteries,I-5044,Inverter 2.5kVA Pure Sinewave,V-1045,15223.89,16500
2026-07,Plumbing Materials,I-5052,PVC Elbow 4 inch,V-1053,94.6,95
2026-02,Plumbing Materials,I-5053,Ball Valve 1 inch Brass,V-1056,295.65,320
2025-09,Plumbing Materials,I-5053,Ball Valve 1 inch Brass,V-1054,264.09,320
2025-10,Carpentry,I-5013,Laminate Sheet 1mm (8x4 ft),V-1010,1106.94,1250
2026-05,Solar Panels,I-5032,Solar Module 540Wp Mono PERC,V-1031,13066.17,12800
2025-10,Road Construction Materials,I-5030,Kerb Stone Precast,V-1025,187.16,210
2025-09,Electrical,I-5010,MCCB 200A,V-1006,6966.3,8200
2025-11,Road Construction Materials,I-5023,TMT Steel Bar Fe500D 12mm,V-1022,58240.27,62000
2025-09,Road Construction Materials,I-5028,PQC Dowel Bar 32mm,V-1027,54214.99,64500
2025-11,Plumbing Materials,I-5052,PVC Elbow 4 inch,V-1058,79.9,95
2026-03,Electrical,I-5002,MCB 32A Single Pole,V-1004,143.05,145
2025-11,Road Construction Materials,I-5023,TMT Steel Bar Fe500D 12mm,V-1022,53344.47,62000
2025-12,Batteries,I-5042,Tubular Battery 150Ah C10,V-1043,13975.37,14500
2026-07,Batteries,I-5048,Battery Monitoring System (BMS module),V-1040,4302.29,4200
2026-05,Batteries,I-5049,Deep Cycle Battery 200Ah,V-1049,21367.54,21500
2026-01,Solar Panels,I-5036,DC Cable 4 sqmm Solar Grade (100m),V-1039,3140.61,3200
2026-01,Solar Panels,I-5038,Combiner Box 6 in 1 out,V-1032,6365.42,6500
2026-07,Batteries,I-5046,Battery Rack 4-Tier MS,V-1047,3208.43,3400
2026-03,Plumbing Materials,I-5058,Submersible Pump 1HP,V-1058,8616.41,9200
2025-11,Road Construction Materials,I-5027,Ready Mix Concrete M25,V-1021,5252.74,6200
2026-07,Carpentry,I-5015,Hinges SS 4 inch,V-1012,93.22,85
2026-07,Electrical,I-5011,Cable Gland Brass 25mm,V-1007,58.35,55
2026-03,Plumbing Materials,I-5059,Pipe Clamp GI 4 inch,V-1058,61.19,65
2025-11,Batteries,I-5048,Battery Monitoring System (BMS module),V-1044,3696.2,4200
2026-06,Batteries,I-5048,Battery Monitoring System (BMS module),V-1046,4073.49,4200
2026-06,Solar Panels,I-5041,Solar Cable Gland Set,V-1032,136.91,145
2025-11,Carpentry,I-5016,Drawer Channel 18 inch Telescopic,V-1012,375.27,420
2026-06,Carpentry,I-5014,MDF Board 12mm (8x4 ft),V-1018,1616.57,1650
2025-09,Road Construction Materials,I-5024,Crushed Stone Aggregate 20mm,V-1029,790.71,850
2026-04,Electrical,I-5004,LED Flood Light 100W,V-1006,1883.03,1850
2025-12,Electrical,I-5000,Armoured Copper Cable 3.5C x 95 sqmm,V-1006,384.21,420
2026-08,Plumbing Materials,I-5052,PVC Elbow 4 inch,V-1054,107.98,95
2026-02,Plumbing Materials,I-5051,CPVC Pipe 1 inch (3m length),V-1051,366.74,380
2025-11,Electrical,I-5001,PVC Insulated Wire 2.5 sqmm (90m coil),V-1008,1389.16,1650
2026-05,Solar Panels,I-5039,Earthing Kit for Module Structure,V-1039,864.86,850
2026-07,Road Construction Materials,I-5029,Wire Mesh Fabric 6mm@150c/c,V-1024,57693.33,58500
2026-01,Road Construction Materials,I-5031,Geotextile Fabric (roll 100m2),V-1027,4276.06,4800
2026-06,Batteries,I-5046,Battery Rack 4-Tier MS,V-1048,3398.74,3400
2025-10,Road Construction Materials,I-5026,Bitumen VG-30 (drum 180kg),V-1022,8746.01,9800
2026-02,Plumbing Materials,I-5051,CPVC Pipe 1 inch (3m length),V-1050,347.46,380
2025-11,Carpentry,I-5021,Adhesive Fevicol SH (5kg),V-1011,960.99,1150
2026-03,Electrical,I-5004,LED Flood Light 100W,V-1000,1837.17,1850
2025-10,Batteries,I-5049,Deep Cycle Battery 200Ah,V-1044,20303.22,21500
2025-11,Electrical,I-5005,Modular Switch 6A,V-1006,55.41,65
2026-02,Carpentry,I-5017,Door Lock Mortise Set,V-1018,948.63,950
2026-04,Road Construction Materials,I-5027,Ready Mix Concrete M25,V-1022,5604.14,6200
2025-09,Carpentry,I-5012,Plywood 19mm BWP (8x4 ft),V-1011,2859.79,3450
2026-07,Plumbing Materials,I-5059,Pipe Clamp GI 4 inch,V-1059,72.51,65
2025-12,Solar Panels,I-5032,Solar Module 540Wp Mono PERC,V-1034,12205.93,12800
2025-12,Electrical,I-5010,MCCB 200A,V-1000,7851.83,8200
2026-02,Road Construction Materials,I-5026,Bitumen VG-30 (drum 180kg),V-1020,9573.96,9800
2026-05,Road Construction Materials,I-5023,TMT Steel Bar Fe500D 12mm,V-1026,57922.05,62000
2025-09,Plumbing Materials,I-5055,Sanitaryware Wash Basin,V-1056,2052.62,2450
2026-06,Carpentry,I-5019,Veneer Sheet Teak (8x4 ft),V-1013,4029.83,4200
2026-07,Electrical,I-5001,PVC Insulated Wire 2.5 sqmm (90m coil),V-1008,1819.41,1650
2025-11,Electrical,I-5004,LED Flood Light 100W,V-1006,1584.78,1850
2026-05,Electrical,I-5002,MCB 32A Single Pole,V-1005,160.98,145
2026-06,Batteries,I-5046,Battery Rack 4-Tier MS,V-1046,3236.13,3400
2026-01,Road Construction Materials,I-5023,TMT Steel Bar Fe500D 12mm,V-1022,53780.45,62000
2025-09,Solar Panels,I-5038,Combiner Box 6 in 1 out,V-1033,5906.02,6500
2026-06,Plumbing Materials,I-5056,Concealed Cistern with Frame,V-1054,8924.65,8500
2025-11,Solar Panels,I-5035,Module Mounting Structure (per kW),V-1036,4071.29,4800
2025-11,Road Construction Materials,I-5029,Wire Mesh Fabric 6mm@150c/c,V-1026,51646.37,58500
2025-10,Road Construction Materials,I-5024,Crushed Stone Aggregate 20mm,V-1024,721.18,850
2025-09,Road Construction Materials,I-5024,Crushed Stone Aggregate 20mm,V-1022,756.71,850
2026-01,Electrical,I-5001,PVC Insulated Wire 2.5 sqmm (90m coil),V-1009,1622.96,1650
2025-11,Road Construction Materials,I-5024,Crushed Stone Aggregate 20mm,V-1029,801.53,850
2026-05,Batteries,I-5047,Battery Interconnect Cable Set,V-1041,586.81,650
2025-11,Plumbing Materials,I-5056,Concealed Cistern with Frame,V-1053,7044.3,8500
2026-01,Electrical,I-5011,Cable Gland Brass 25mm,V-1007,54.06,55
2025-09,Batteries,I-5044,Inverter 2.5kVA Pure Sinewave,V-1042,14290.08,16500
2025-11,Batteries,I-5048,Battery Monitoring System (BMS module),V-1040,3655.13,4200
2026-01,Solar Panels,I-5034,String Inverter 50kW,V-1039,379974.63,385000
2025-12,Solar Panels,I-5032,Solar Module 540Wp Mono PERC,V-1031,12323.38,12800
2026-05,Batteries,I-5042,Tubular Battery 150Ah C10,V-1048,14824.44,14500
2025-12,Electrical,I-5007,Junction Box IP65,V-1009,189.83,210
2025-09,Electrical,I-5000,Armoured Copper Cable 3.5C x 95 sqmm,V-1002,327.28,420
2025-11,Batteries,I-5042,Tubular Battery 150Ah C10,V-1044,13487.98,14500
2026-05,Electrical,I-5004,LED Flood Light 100W,V-1007,1928.98,1850
2025-11,Solar Panels,I-5040,Anti-Reflective Glass Panel (spare),V-1038,2910.47,3100
2026-04,Solar Panels,I-5032,Solar Module 540Wp Mono PERC,V-1035,12367.49,12800
2025-09,Plumbing Materials,I-5058,Submersible Pump 1HP,V-1057,7062.38,9200
2026-03,Electrical,I-5011,Cable Gland Brass 25mm,V-1004,55.17,55
2026-01,Carpentry,I-5016,Drawer Channel 18 inch Telescopic,V-1016,411.48,420
2026-05,Electrical,I-5001,PVC Insulated Wire 2.5 sqmm (90m coil),V-1008,1721.83,1650
2026-02,Road Construction Materials,I-5022,OPC 53 Grade Cement (50kg bag),V-1023,344.67,385
2025-10,Batteries,I-5043,Lithium-ion Battery Pack 48V 100Ah,V-1049,107187.29,118000
2025-10,Batteries,I-5043,Lithium-ion Battery Pack 48V 100Ah,V-1041,113788.7,118000
2026-04,Solar Panels,I-5037,MC4 Connector Pair,V-1036,89.03,95
2026-03,Solar Panels,I-5038,Combiner Box 6 in 1 out,V-1031,6058.9,6500
2025-12,Solar Panels,I-5038,Combiner Box 6 in 1 out,V-1032,6033.05,6500
2025-11,Batteries,I-5046,Battery Rack 4-Tier MS,V-1045,3156.2,3400
2026-03,Solar Panels,I-5035,Module Mounting Structure (per kW),V-1037,4522.07,4800
2026-04,Solar Panels,I-5034,String Inverter 50kW,V-1032,387702.88,385000
2025-11,Batteries,I-5042,Tubular Battery 150Ah C10,V-1043,14110.23,14500
2025-10,Batteries,I-5042,Tubular Battery 150Ah C10,V-1048,13675.55,14500
2026-07,Plumbing Materials,I-5054,Water Tank 1000L HDPE,V-1056,7564.83,6800
2025-12,Plumbing Materials,I-5051,CPVC Pipe 1 inch (3m length),V-1058,326.31,380
2025-12,Solar Panels,I-5034,String Inverter 50kW,V-1039,338705.56,385000
2025-11,Plumbing Materials,I-5051,CPVC Pipe 1 inch (3m length),V-1052,335.63,380
2025-12,Road Construction Materials,I-5023,TMT Steel Bar Fe500D 12mm,V-1022,59183.37,62000
2026-05,Carpentry,I-5016,Drawer Channel 18 inch Telescopic,V-1013,420.41,420
2025-10,Solar Panels,I-5033,Solar Module 550Wp Bifacial,V-1031,11823.15,14200
2026-07,Batteries,I-5045,VRLA SMF Battery 12V 100Ah,V-1044,9496.26,9800
2025-12,Plumbing Materials,I-5053,Ball Valve 1 inch Brass,V-1052,272.99,320
2026-03,Solar Panels,I-5032,Solar Module 540Wp Mono PERC,V-1035,13066.37,12800
2025-11,Carpentry,I-5012,Plywood 19mm BWP (8x4 ft),V-1011,3056.25,3450
2026-05,Plumbing Materials,I-5057,Bathroom Faucet Single Lever,V-1057,1874.2,1850
2026-05,Carpentry,I-5013,Laminate Sheet 1mm (8x4 ft),V-1017,1207.81,1250
2025-12,Electrical,I-5007,Junction Box IP65,V-1000,185.82,210
2025-10,Batteries,I-5049,Deep Cycle Battery 200Ah,V-1042,19471.93,21500
2026-01,Solar Panels,I-5036,DC Cable 4 sqmm Solar Grade (100m),V-1032,3124.49,3200
2026-07,Solar Panels,I-5036,DC Cable 4 sqmm Solar Grade (100m),V-1031,3056.03,3200
2026-03,Carpentry,I-5020,PVC Edge Banding Tape (100m roll),V-1019,598.46,650
2025-11,Road Construction Materials,I-5030,Kerb Stone Precast,V-1022,199.1,210
2026-03,Solar Panels,I-5035,Module Mounting Structure (per kW),V-1036,4757.25,4800
2026-01,Road Construction Materials,I-5027,Ready Mix Concrete M25,V-1022,5624.98,6200
2026-02,Electrical,I-5010,MCCB 200A,V-1005,7483.61,8200
2025-12,Plumbing Materials,I-5053,Ball Valve 1 inch Brass,V-1058,267.81,320
2026-01,Solar Panels,I-5039,Earthing Kit for Module Structure,V-1038,748.06,850
2026-02,Road Construction Materials,I-5027,Ready Mix Concrete M25,V-1026,6067.28,6200
2026-07,Plumbing Materials,I-5052,PVC Elbow 4 inch,V-1052,103.39,95
2025-11,Electrical,I-5005,Modular Switch 6A,V-1002,56.18,65
2026-06,Plumbing Materials,I-5054,Water Tank 1000L HDPE,V-1055,7226.01,6800
2026-03,Electrical,I-5004,LED Flood Light 100W,V-1002,1934.61,1850
2026-01,Batteries,I-5043,Lithium-ion Battery Pack 48V 100Ah,V-1049,108009.16,118000
2026-05,Carpentry,I-5013,Laminate Sheet 1mm (8x4 ft),V-1013,1296.21,1250
2026-05,Electrical,I-5001,PVC Insulated Wire 2.5 sqmm (90m coil),V-1005,1731.31,1650
2026-06,Road Construction Materials,I-5027,Ready Mix Concrete M25,V-1025,6330.07,6200
2026-07,Solar Panels,I-5033,Solar Module 550Wp Bifacial,V-1033,14314.93,14200
2026-02,Plumbing Materials,I-5056,Concealed Cistern with Frame,V-1052,7858.43,8500
2026-04,Plumbing Materials,I-5054,Water Tank 1000L HDPE,V-1053,6930.37,6800
2026-07,Electrical,I-5007,Junction Box IP65,V-1000,217.93,210
2026-05,Electrical,I-5008,Earthing Strip GI 25x3mm,V-1005,93.95,95
2026-05,Solar Panels,I-5037,MC4 Connector Pair,V-1030,97.57,95
2025-12,Electrical,I-5002,MCB 32A Single Pole,V-1002,133.34,145
2025-10,Road Construction Materials,I-5031,Geotextile Fabric (roll 100m2),V-1022,4075.63,4800
2025-09,Electrical,I-5002,MCB 32A Single Pole,V-1008,117.3,145
